questionId,playerId,correct
1,1,true
1,1874,false
2,1,true
3,1874,true
4,1,true
5,1,true
6,1,true
7,1,true
8,1874,true
9,1,true
10,1873,true
11,1,true
12,1874,true
13,1,true
14,1,true
15,1874,true
16,1,true
17,1,true
18,1,true
19,1873,true
20,1,true
21,1874,true
22,1,true
23,1,true
24,1,true
25,1,true
26,1,true
27,1,true
28,1,true
29,1,true
30,1,true
31,1874,true
32,1,false
32,1874,false
32,1873,false
33,1874,true
34,1,true
35,1,true
36,1,true
37,1,true
38,1,true
39,1,true
40,1,true
41,1,true
42,1,true
43,1,true
44,1,true
45,1,true
47,1,true
48,1,true
49,1,true
50,1,true
51,1874,true
52,1,true
53,1874,true
53,1,false
54,1,true
55,1873,true
56,1873,true
57,1,true
58,1,true
59,1,true
60,1,true
60,1873,false
60,1874,false
61,1,true
62,1,true
63,1,true
64,5484,true
65,1,true
66,1,true
67,5484,true
68,1,true
69,1,true
70,1,true
71,5484,true
72,1,true
73,1,true
74,1,true
75,1,true
76,1,true
77,1,true
78,5484,false
79,1,true
80,1,true
82,1,true
83,5484,true
84,1,true
85,5484,true
86,1,true
87,1,true
88,1,true
89,1,true
91,1,true
92,5484,true
93,5483,true
94,1,true
95,1,true
96,5484,true
97,1,true
98,1,true
99,1,true
100,1,true
101,1,true
103,1,true
104,1,true
105,1,true
106,1,true
107,1,true
109,5483,true
110,1,true
111,1,false
113,1,true
114,1,true
115,5484,true
116,5483,true
117,5483,false
118,1,true
119,1,true
119,5483,false
119,5484,false
120,1,true
121,1,true
122,5481,true
123,1,true
124,5481,true
125,1,true
126,1,true
127,1,true
128,1,true
129,1,true
130,1,true
130,5482,false
131,1,true
132,1,true
133,1,true
134,1,true
135,1,true
136,1,true
137,1,true
138,1,true
139,1,true
140,5481,true
141,1,true
142,5481,true
143,1,true
144,5481,true
144,1,false
145,1,true
147,1,true
148,5482,true
149,5481,true
150,5482,true
151,1,true
152,1,true
153,1,true
153,5481,false
154,1,true
155,1,true
156,1,true
157,1,true
158,5481,true
159,1,true
160,1,true
161,5482,true
162,1,true
163,1,true
164,1,true
165,5481,true
165,1,false
166,1,true
167,5482,true
167,5481,false
168,1,true
169,1,true
170,1,true
171,5482,true
172,1,false
173,1,true
174,5482,true
174,5481,false
175,5481,true
175,5482,false
176,1,true
177,5482,false
178,1,false
179,5482,true
179,1,false
180,5481,true
181,1,true
182,1,true
183,1,true
184,1,true
185,1,true
186,1,true
187,1,false
187,5479,false
188,1,true
189,1,true
190,1,true
191,1,true
192,5480,true
193,1,true
194,1,true
195,1,true
196,5479,true
197,1,true
198,5480,true
199,1,true
200,1,true
201,1,true
202,1,true
203,1,true
205,1,true
206,1,false
207,1,true
208,1,true
209,5480,true
210,1,true
211,1,true
212,1,true
213,1,true
214,1,true
215,1,true
216,1,true
217,5480,true
218,1,true
219,1,true
220,1,true
221,1,true
222,1,true
223,1,true
224,1,true
225,1,true
227,1,true
228,1,true
229,1,true
230,1,true
231,1,true
232,1,true
233,5480,true
235,1,true
236,5479,true
237,1,false
238,1,true
239,5480,true
240,5479,false
240,5480,false
240,1,false
241,1,true
242,1,true
243,1,true
244,1,true
245,5478,true
246,5477,true
247,1,true
248,1,true
249,5477,true
250,1,true
251,5477,true
252,1,true
253,1,true
254,5477,true
255,5477,true
256,5477,true
257,5477,false
258,5477,true
259,1,true
260,1,true
261,1,true
262,5477,true
265,5478,true
266,1,true
267,5477,true
268,1,true
269,5478,true
269,5477,false
270,1,true
271,5478,true
272,5477,true
273,5477,true
274,1,true
275,1,true
276,1,true
277,1,true
278,1,true
279,1,true
279,5478,false
280,1,true
281,5478,true
282,5478,true
283,5477,false
284,5478,true
285,5478,true
286,1,true
287,5477,true
288,1,true
289,1,true
290,5477,true
291,1,true
292,5477,true
293,1,true
294,1,true
295,1,true
296,5478,true
297,1,true
298,5477,true
299,1,false
300,1,true
300,5477,false
301,1,true
301,5478,false
301,5477,false
302,1,true
303,1,true
304,1,true
305,4958,true
305,1,false
306,1,true
307,1,true
308,4958,false
309,4958,true
310,1,true
311,1,true
312,1,true
313,1,true
314,1,true
315,1,true
316,4958,true
316,1,false
317,1,false
317,4959,false
317,4958,false
318,4958,true
319,1,true
320,1,true
321,4958,true
322,1,true
323,1,true
324,1,true
325,4958,true
326,1,true
327,1,true
328,1,true
329,1,true
330,1,true
331,4959,true
332,4958,true
333,1,true
334,1,true
335,1,true
336,4958,true
337,1,true
338,1,true
339,4958,true
340,1,true
341,1,true
342,1,true
343,1,true
344,1,true
345,1,true
346,4959,true
347,1,true
348,1,true
349,4958,false
350,1,true
351,4959,true
352,1,true
352,4958,false
353,1,true
354,4958,true
355,1,false
356,1,true
359,4958,true
360,1,true
361,1,true
362,4959,true
362,4958,false
363,1,true
364,5464,true
365,1,true
366,5465,true
367,5464,true
368,1,true
369,1,true
370,1,true
371,1,false
372,1,true
373,5464,true
374,1,true
375,5464,true
376,5464,true
378,1,true
379,5465,true
380,1,true
381,1,true
383,5465,true
384,5465,true
385,5464,true
386,5465,true
387,1,true
388,1,false
389,5465,true
390,1,true
391,5465,true
392,5464,true
392,5465,false
393,1,true
394,5465,true
395,1,true
395,5464,false
396,1,false
397,1,true
398,1,true
399,1,true
400,1,true
401,1,true
402,5464,false
403,5464,true
404,5464,true
405,1,true
406,5464,true
407,1,true
409,1,true
410,5464,true
411,5464,false
412,1,true
413,5464,true
414,5464,true
415,1,true
416,1,true
417,1,true
417,5464,false
418,1,true
419,1,true
420,5464,true
421,1,false
422,1,true
423,5465,true
423,5464,false
424,5462,true
425,5462,true
426,5463,true
426,1,false
427,5462,true
428,1,true
429,1,true
430,1,true
431,1,true
432,5462,true
433,1,true
434,1,true
435,1,true
436,1,true
437,5463,true
437,1,false
440,1,true
441,1,true
442,5463,true
443,5462,true
444,5462,true
445,1,false
446,1,true
447,1,true
448,1,true
449,1,true
450,5462,true
450,1,false
451,5463,true
451,5462,false
452,5463,false
454,1,false
454,5463,false
454,5462,false
455,1,true
456,1,true
457,1,true
458,5463,true
459,1,true
460,5463,true
461,1,true
462,1,true
463,1,true
464,1,true
465,5462,true
466,1,true
467,1,true
468,1,true
469,1,true
470,1,true
471,1,true
472,1,false
473,1,true
474,1,true
475,5462,true
476,1,true
477,5462,true
478,5463,true
479,1,false
480,1,true
481,1,true
482,1,true
483,5462,true
484,5463,true
484,5462,false
485,1,true
486,1,true
487,1,true
488,5460,true
489,1,true
490,1,true
491,1,true
492,1,true
493,5460,true
494,5460,true
495,5460,false
496,1,true
497,1,true
498,5461,true
499,5460,true
500,1,true
501,1,true
502,1,true
503,1,true
504,1,true
505,5461,true
506,5461,true
507,5460,true
508,1,true
509,1,true
510,1,true
511,1,true
512,1,true
512,5460,false
513,5461,true
514,1,true
515,1,true
516,1,true
517,1,true
518,5461,true
519,1,false
519,5461,false
520,5460,true
521,1,true
522,1,true
523,1,true
524,1,true
525,1,true
526,1,true
527,1,true
528,1,true
529,1,true
530,1,true
531,1,true
532,1,true
533,1,true
534,1,true
535,1,true
536,5461,true
537,1,true
538,5461,true
539,1,true
540,5460,true
541,1,false
541,5460,false
542,1,true
543,1,true
544,1,true
545,5460,false
545,5461,false
545,1,false
546,1,true
547,1,true
548,1,true
549,5428,true
550,1,true
551,5428,true
552,1,true
553,1,true
554,1,true
555,5427,true
555,1,false
556,1,true
557,1,true
558,1,true
559,1,true
560,1,true
561,1,true
562,1,true
563,5427,true
564,1,true
565,1,true
566,1,true
567,1,true
568,1,true
569,5427,false
570,1,true
571,1,true
572,5427,true
573,1,true
574,1,true
575,5427,true
575,1,false
576,1,true
577,1,true
578,1,true
579,5427,true
580,5427,true
581,1,true
582,1,true
583,1,true
584,5427,true
585,1,true
586,1,true
587,5428,true
587,1,false
588,1,true
589,1,true
590,1,true
591,1,true
592,1,true
593,1,true
594,1,true
595,1,true
596,1,true
597,1,true
599,1,true
600,5427,false
601,5427,true
602,5428,false
603,5428,true
604,1,false
605,5428,true
606,1,true
606,5428,false
606,5427,false
607,1,true
608,1,true
609,1,true
610,1,true
611,1,true
612,1,true
613,5425,true
614,1,true
615,5425,true
616,5425,true
617,1,true
618,1,true
619,5426,false
619,5425,false
620,1,true
621,1,true
622,1,true
623,1,true
624,1,true
625,1,true
626,1,true
627,5425,true
628,1,true
629,5425,true
630,5426,false
630,5425,false
631,1,false
632,1,true
632,5426,false
633,1,true
634,5425,true
635,1,true
636,1,true
637,5425,true
638,1,true
639,1,true
640,1,true
641,5425,true
642,1,true
644,1,true
645,1,true
646,1,true
647,1,true
648,1,true
649,1,true
650,1,true
651,1,true
652,5425,true
653,5425,true
654,1,true
655,1,true
656,1,true
657,1,true
658,5426,true
658,5425,false
659,5425,true
660,1,true
661,5426,true
661,5425,false
662,5425,false
663,5425,true
664,1,true
665,1,false
666,1,true
666,5426,false
666,5425,false
667,1,true
668,1,true
669,1,true
670,5423,true
671,1,true
671,5423,false
672,5423,true
673,5423,true
674,5423,true
675,1,true
676,1,true
677,5423,true
678,1,true
679,1,true
680,1,true
681,1,false
682,1,true
683,5424,true
684,1,true
685,1,true
686,1,true
687,1,true
689,5423,true
690,1,true
692,5423,true
693,1,true
694,1,true
695,5424,true
696,1,true
697,1,true
698,1,true
699,1,true
700,1,true
701,5424,true
702,1,true
704,1,true
705,5423,true
706,5423,true
707,5423,true
708,1,true
709,1,true
710,5424,true
711,5423,false
712,1,true
713,5423,true
714,1,true
716,1,true
719,1,true
720,5424,true
721,5424,true
721,5423,false
724,5424,true
725,1,true
726,1,true
727,5423,true
727,5424,false
728,1,true
729,1,true
730,5418,true
731,1,true
732,1,true
733,5418,true
734,5418,true
734,1,false
735,5418,true
736,5418,true
738,1,true
739,5417,true
740,1,true
741,1,true
742,5418,true
743,5418,true
744,1,true
745,5418,true
747,5417,true
748,1,true
749,1,true
750,5418,true
751,1,true
752,1,true
753,1,true
754,5417,true
755,5418,true
756,1,true
757,1,true
758,1,true
759,1,true
760,1,true
761,1,true
762,5418,true
763,1,true
764,1,true
765,1,true
766,5417,true
767,5418,true
768,1,true
769,1,true
770,1,true
771,1,true
772,5418,true
773,5418,true
773,1,false
774,1,true
775,5418,true
776,1,true
777,1,true
778,1,true
779,5418,true
780,5418,true
782,5417,true
783,1,true
786,1,true
787,1,true
788,5418,true
788,5417,false
789,5416,true
789,1,false
790,1,true
791,1,true
792,1,true
793,1,true
794,1,true
795,5415,true
796,5415,true
797,5415,true
797,1,false
798,1,true
799,1,true
800,1,true
801,5415,true
802,1,true
803,1,true
804,1,true
805,1,true
806,1,true
809,1,true
809,5416,false
810,1,true
811,5415,true
812,1,true
813,5415,true
814,5416,true
815,1,true
816,1,true
817,5415,true
818,1,true
819,1,true
820,5416,true
821,5415,true
822,1,true
823,1,true
824,5415,true
825,1,true
826,1,true
827,5415,true
828,5416,true
828,1,false
829,1,false
830,1,true
830,5416,false
831,1,true
832,1,true
832,5415,false
833,5415,false
834,1,false
834,5415,false
835,5415,true
836,1,true
838,5415,true
839,5415,false
840,5416,true
842,1,true
843,1,true
844,5415,false
845,5416,false
846,1,true
847,1,true
848,5415,true
849,5416,false
849,1,false
850,1,true
851,5412,true
852,5412,true
853,5412,true
854,1,true
855,1,true
856,1,true
857,5412,true
858,1,true
859,1,true
860,1,true
861,5412,true
862,5411,true
863,1,true
864,1,true
865,1,true
866,1,true
867,5411,true
868,5412,true
869,1,true
871,5412,true
871,5411,false
872,1,true
873,5411,true
873,1,false
874,5411,false
875,1,true
876,1,true
877,1,true
878,5411,true
879,5411,true
879,1,false
880,1,true
881,1,true
882,1,true
884,5412,true
885,1,true
886,1,true
887,1,true
888,1,true
889,5412,false
890,1,true
891,5412,true
892,5412,true
893,1,true
894,5411,true
894,1,false
895,5411,false
896,1,true
897,1,true
897,5411,false
898,1,false
898,5412,false
899,1,false
899,5411,false
900,1,true
901,1,true
901,5411,false
902,1,true
903,1,false
903,5412,false
904,5411,false
906,1,true
907,1,true
908,5412,false
908,1,false
909,1,true
910,1,true
911,1,true
912,1,true
913,1,true
914,1,true
915,1,true
916,5409,true
917,5410,true
918,1,true
918,5409,false
919,1,true
920,1,true
921,1,true
922,5409,true
923,1,true
924,5410,true
925,1,true
926,1,false
927,1,true
928,5410,true
928,1,false
929,1,true
930,1,false
931,1,true
932,1,true
934,5409,true
935,5409,true
936,1,true
937,1,true
938,5409,true
938,1,false
939,5409,false
940,5409,true
941,1,true
942,1,true
943,1,true
944,5409,true
945,1,true
946,1,true
947,5409,true
948,1,false
948,5409,false
949,5409,true
950,1,true
951,1,true
953,1,true
954,5409,true
955,5409,true
956,1,true
957,1,true
958,5409,true
958,1,false
959,1,true
960,1,true
961,1,false
961,5409,false
962,1,true
963,1,true
964,1,true
965,1,true
966,1,false
966,5410,false
966,5409,false
967,5409,true
967,1,false
968,1,true
969,1,true
970,5407,true
971,5407,true
972,5407,true
973,5407,true
973,1,false
974,5407,true
975,5407,true
976,1,true
977,1,true
978,1,true
980,5407,true
980,1,false
981,5407,true
982,5407,true
983,5407,true
984,1,true
986,1,true
987,1,true
987,5408,false
987,5407,false
988,1,true
989,1,true
990,1,true
991,5407,false
992,5407,true
994,1,true
995,1,false
995,5408,false
996,5407,false
997,1,true
998,1,true
999,1,true
1000,1,true
1001,5407,true
1002,1,true
1003,1,true
1004,5407,true
1005,5407,true
1006,1,true
1007,1,true
1008,1,true
1009,1,true
1010,1,true
1011,5408,true
1012,1,true
1013,1,true
1014,5407,true
1015,1,true
1016,1,true
1018,1,true
1019,1,true
1020,1,true
1021,1,true
1022,1,true
1024,1,true
1025,1,true
1026,5407,true
1027,5408,true
1028,5408,true
1028,5407,false
1029,5406,true
1030,1,true
1031,1,true
1032,5406,true
1032,1,false
1033,1,true
1034,1,true
1035,5406,true
1036,1,true
1037,5406,true
1038,1,true
1039,5405,true
1040,1,true
1041,1,true
1042,5406,true
1043,5405,true
1044,1,true
1045,1,true
1046,1,true
1047,1,true
1048,5406,true
1049,1,true
1050,1,true
1051,1,true
1052,5406,true
1054,1,false
1054,5406,false
1054,5405,false
1055,1,true
1056,1,true
1057,5406,true
1058,5405,true
1059,1,true
1060,1,true
1061,5406,true
1062,5406,true
1063,1,true
1064,1,true
1065,1,true
1065,5405,false
1066,1,true
1067,1,true
1068,1,true
1069,1,true
1070,1,true
1070,5406,false
1071,1,true
1072,5405,true
1073,5405,true
1074,5406,true
1075,5405,true
1076,1,true
1077,1,true
1078,1,true
1079,5405,true
1080,5405,true
1080,1,false
1080,5406,false
1081,5405,true
1082,1,true
1083,1,true
1084,1,true
1084,5405,false
1085,5405,true
1086,5405,true
1087,1,true
1088,1,true
1089,1,true
1089,5406,false
1089,5405,false
1090,1,true
1091,1,true
1092,5404,true
1093,1,true
1094,1,true
1095,1,true
1096,1,true
1096,5403,false
1097,1,true
1098,5404,true
1099,5403,true
1100,1,true
1101,1,true
1102,5404,true
1103,1,true
1104,1,true
1105,1,true
1106,1,true
1107,1,true
1108,5404,true
1109,5404,true
1110,1,true
1111,1,true
1112,1,false
1113,1,true
1114,5404,true
1114,5403,false
1115,1,true
1116,1,true
1117,1,true
1118,1,true
1119,1,true
1120,1,true
1121,1,true
1122,1,true
1123,5404,true
1124,5404,true
1125,5404,true
1126,5404,true
1127,1,true
1128,1,true
1129,1,true
1130,5403,true
1131,1,true
1132,5404,true
1133,5404,true
1134,1,true
1135,1,true
1136,5403,false
1137,1,false
1138,5404,true
1140,1,true
1141,5404,true
1142,1,true
1143,1,true
1144,5404,true
1145,1,false
1146,5403,true
1147,1,true
1148,1,true
1149,1,true
1150,1,true
1150,5403,false
1150,5404,false
1152,1,true
1154,5391,true
1155,5392,true
1156,5392,true
1157,5392,true
1158,1,true
1159,1,true
1160,5392,true
1161,1,true
1162,1,false
1163,5392,true
1164,1,true
1165,5392,true
1166,1,true
1167,5391,true
1168,1,true
1169,1,true
1170,5392,true
1171,5392,true
1172,1,true
1173,5391,true
1174,1,false
1174,5392,false
1175,1,true
1176,1,true
1177,5391,true
1178,5392,true
1179,5391,true
1180,1,true
1181,5392,true
1182,1,true
1183,1,true
1184,5391,true
1185,1,true
1186,5392,true
1187,1,true
1188,1,true
1189,5392,true
1190,1,true
1191,5391,false
1192,1,true
1194,5391,true
1195,1,true
1196,1,true
1197,1,true
1198,1,true
1200,5391,true
1201,5391,true
1202,5391,true
1203,5392,true
1204,5392,true
1205,1,true
1207,1,true
1209,5392,false
1210,1,true
1211,5392,false
1211,5391,false
1211,1,false
1212,1,true
1213,1,true
1214,5383,true
1215,5383,true
1216,5384,true
1217,1,true
1218,5384,true
1219,1,true
1220,5383,true
1221,1,true
1222,1,true
1223,1,true
1224,5383,true
1225,5384,true
1226,5383,true
1227,5384,true
1228,1,true
1229,1,true
1230,5383,true
1231,5383,true
1232,5383,true
1233,5383,true
1234,5384,true
1235,1,true
1236,1,true
1237,1,true
1238,5383,true
1239,1,true
1240,5383,true
1241,1,true
1242,1,true
1243,1,true
1244,5384,true
1245,1,true
1246,5384,true
1247,5384,true
1248,1,true
1249,5383,true
1250,5384,true
1251,5383,true
1252,1,true
1253,5383,false
1254,1,true
1255,5383,false
1256,5383,true
1257,1,true
1258,5383,true
1259,5383,true
1260,1,true
1261,5383,true
1262,1,true
1263,1,true
1264,5383,false
1265,1,true
1267,1,true
1268,1,true
1269,5383,true
1271,5383,true
1272,5384,true
1273,5382,true
1273,1,false
1274,1,true
1275,1,true
1276,1,true
1277,1,true
1278,1,true
1279,1,true
1280,1,true
1281,5381,true
1282,5382,true
1283,5382,true
1284,5382,true
1285,1,true
1286,1,true
1287,1,true
1288,5381,true
1289,1,true
1290,1,true
1291,5382,true
1291,5381,false
1292,5381,true
1293,1,true
1294,1,true
1295,1,true
1296,1,true
1297,5382,true
1298,5381,true
1299,5381,true
1299,1,false
1301,1,true
1302,5381,true
1303,1,true
1304,1,true
1305,1,true
1306,1,true
1307,1,true
1308,1,true
1309,1,false
1310,1,true
1311,1,true
1312,5382,true
1313,5381,true
1313,1,false
1314,5382,true
1315,1,true
1316,1,true
1317,1,true
1318,1,true
1320,5382,true
1321,1,true
1322,1,true
1323,5381,true
1324,1,true
1325,1,true
1326,1,true
1327,1,true
1328,1,true
1330,1,true
1331,1,true
1332,1,true
1333,1,true
1333,5381,false
1333,5382,false
1334,1,true
1335,1,true
1336,1,true
1337,1,true
1338,1,true
1339,1,true
1340,1,true
1341,1,true
1342,5379,true
1343,1,true
1344,5380,true
1345,1,true
1346,1,true
1347,1,true
1348,1,true
1349,1,true
1350,1,true
1351,1,true
1352,5380,true
1352,1,false
1353,5379,true
1354,1,false
1354,5380,false
1356,1,true
1357,1,true
1358,1,false
1358,5380,false
1359,5380,true
1360,1,true
1361,1,true
1362,5380,true
1363,1,true
1364,1,true
1365,1,true
1366,5380,true
1367,5380,true
1368,5379,true
1369,5379,true
1370,1,true
1371,1,true
1372,1,true
1373,1,true
1374,5379,true
1374,1,false
1375,5379,true
1376,1,true
1377,1,true
1378,5379,false
1379,1,true
1380,5380,true
1381,5379,true
1382,5380,true
1383,5379,true
1384,1,true
1385,5380,true
1386,5380,true
1387,1,true
1389,1,true
1390,1,true
1391,5380,true
1392,5380,true
1393,1,true
1394,5380,true
1394,5379,false
1394,1,false
1395,5369,true
1396,1,true
1397,5368,true
1398,5368,true
1399,5369,true
1399,1,false
1400,1,true
1401,1,true
1402,5369,true
1402,1,false
1403,1,true
1404,1,true
1405,5369,true
1406,5369,true
1407,1,true
1408,5369,true
1409,1,true
1410,1,true
1411,5369,true
1412,1,true
1413,5368,true
1413,5369,false
1414,5368,true
1416,1,true
1417,5368,false
1418,1,true
1420,5369,true
1422,1,true
1423,1,true
1424,1,true
1425,1,true
1426,5368,true
1427,1,true
1428,1,true
1429,1,true
1430,5369,true
1431,5369,true
1432,1,true
1433,1,true
1434,1,true
1435,1,true
1436,5369,true
1436,5368,false
1437,1,true
1438,1,true
1440,1,true
1441,1,false
1441,5368,false
1442,1,true
1443,1,true
1445,5368,true
1446,1,false
1447,5368,true
1448,1,false
1449,1,true
1450,1,true
1451,1,true
1452,1,true
1453,5368,true
1454,5369,true
1455,5368,true
1455,5369,false
1455,1,false
1456,5363,true
1457,5363,true
1458,5363,true
1459,1,true
1460,1,true
1461,5363,true
1462,5363,true
1463,5363,true
1464,1,true
1464,5363,false
1465,1,true
1466,5363,true
1467,1,true
1468,5363,true
1469,5363,true
1469,1,false
1470,1,true
1471,1,true
1472,1,true
1473,1,true
1474,5363,true
1475,5363,true
1476,1,true
1477,1,true
1478,5363,true
1480,5363,true
1481,1,true
1482,1,true
1483,1,true
1484,1,false
1485,1,true
1486,1,true
1487,5363,true
1488,5363,true
1489,5363,true
1490,5363,true
1491,1,true
1492,1,true
1493,1,true
1494,5362,true
1495,1,true
1496,1,true
1497,5363,true
1497,1,false
1498,1,true
1499,1,true
1500,5362,true
1501,5363,true
1502,5363,true
1504,1,true
1505,1,true
1506,5362,false
1507,1,true
1509,1,true
1510,5363,true
1511,1,true
1512,5362,false
1513,1,true
1513,5363,false
1515,1,true
1515,5363,false
1516,1,true
1517,1,true
1518,3277,true
1519,3276,true
1520,1,true
1521,1,true
1522,3277,true
1523,1,true
1524,1,true
1525,1,true
1526,1,true
1527,3277,true
1528,3277,false
1529,1,true
1530,3276,true
1531,3276,true
1532,1,true
1533,1,true
1534,1,true
1535,1,true
1536,3277,true
1538,1,true
1539,1,true
1540,1,true
1540,3277,false
1541,1,true
1542,3277,true
1543,3277,true
1545,3277,true
1546,1,true
1547,1,true
1548,3277,true
1549,1,true
1550,1,true
1551,3276,true
1552,1,true
1553,3276,true
1554,1,true
1555,1,true
1556,1,true
1557,3277,true
1558,3277,true
1559,1,true
1560,3276,true
1561,1,true
1562,1,true
1563,3276,true
1564,1,true
1565,1,true
1566,3277,true
1567,3277,true
1568,3277,true
1568,1,false
1569,3277,true
1570,1,true
1573,1,true
1574,3276,true
1575,1,true
1575,3277,false
1576,3277,true
1576,3276,false
1577,3264,true
1578,1,true
1579,1,true
1580,1,false
1581,1,true
1582,1,true
1583,3265,true
1584,1,true
1585,1,true
1586,3264,true
1587,1,true
1588,3264,true
1588,1,false
1588,3265,false
1589,1,true
1590,1,true
1591,1,true
1592,1,true
1593,1,true
1594,3265,true
1594,1,false
1595,1,true
1596,3264,true
1597,1,true
1598,3264,true
1599,1,true
1600,1,true
1601,3264,true
1602,1,true
1603,1,true
1603,3264,false
1604,1,true
1605,3264,true
1605,1,false
1605,3265,false
1606,1,true
1607,1,true
1608,1,true
1609,3265,true
1610,1,true
1611,3265,true
1612,1,true
1613,1,true
1614,1,true
1615,1,true
1616,1,true
1617,3265,true
1618,3265,true
1619,1,true
1620,1,true
1621,1,true
1622,3264,true
1623,3265,true
1624,3264,true
1625,1,true
1626,3265,true
1628,1,true
1629,1,true
1630,3264,true
1631,1,true
1632,1,true
1634,1,true
1635,1,true
1636,1,true
1637,3264,true
1637,3265,false
1637,1,false
1638,3262,true
1639,3262,true
1640,1,true
1641,1,true
1642,1,true
1643,1,true
1644,1,false
1645,1,true
1646,1,true
1647,1,true
1648,1,true
1649,1,true
1650,1,true
1651,3263,true
1652,3262,true
1652,1,false
1653,1,true
1654,1,true
1655,3262,true
1656,1,false
1657,1,true
1658,3263,true
1659,3262,true
1660,1,true
1661,1,true
1662,3262,true
1663,1,true
1664,1,true
1664,3263,false
1665,1,true
1666,1,true
1667,3263,true
1668,1,true
1669,1,true
1670,1,true
1671,3263,true
1672,3262,true
1672,1,false
1673,1,true
1673,3262,false
1674,1,true
1675,3262,true
1676,1,true
1677,1,true
1678,1,true
1679,1,true
1680,3262,false
1681,3262,true
1682,1,true
1683,1,true
1684,1,true
1685,1,true
1686,1,false
1686,3262,false
1687,1,true
1688,3263,true
1689,3263,true
1690,1,true
1691,1,true
1692,1,true
1693,3262,true
1695,1,true
1696,3262,true
1697,1,true
1698,1,true
1698,3263,false
1698,3262,false
1699,1,true
1700,1,true
1701,1,true
1702,1,true
1703,1,true
1704,1,true
1705,3261,true
1705,3260,false
1706,3260,true
1707,1,true
1708,1,true
1709,3261,true
1710,1,true
1711,1,true
1712,1,true
1713,1,false
1714,1,true
1715,3260,true
1716,1,true
1717,1,true
1718,1,true
1719,3260,true
1720,3261,true
1721,1,true
1722,3260,true
1723,1,true
1724,1,true
1725,1,true
1727,1,true
1728,1,true
1729,1,true
1730,1,true
1731,1,true
1732,3261,true
1733,1,true
1734,1,true
1735,1,true
1736,3260,true
1737,3260,true
1738,3260,true
1740,1,true
1741,3260,true
1743,1,true
1744,1,true
1745,1,true
1746,1,true
1747,1,true
1748,1,true
1749,1,true
1750,1,true
1751,1,true
1753,1,true
1754,3261,true
1755,1,true
1755,3260,false
1756,3260,true
1757,1,false
1757,3261,false
1758,1,true
1759,3261,true
1760,1,true
1760,3258,false
1761,3258,true
1762,1,true
1763,3258,true
1764,1,true
1764,3258,false
1765,1,true
1766,1,true
1767,3258,true
1768,3259,true
1769,3259,true
1770,3259,true
1770,3258,false
1771,1,true
1773,1,true
1774,1,true
1775,3259,true
1776,1,true
1777,1,true
1778,3259,true
1779,3258,true
1780,3259,true
1781,3259,true
1782,3259,true
1783,1,true
1785,1,true
1787,3259,true
1788,3259,false
1789,1,true
1790,1,false
1790,3259,false
1790,3258,false
1791,3259,true
1792,1,true
1793,1,true
1794,3258,true
1795,1,true
1796,1,true
1797,3258,true
1797,3259,false
1798,1,true
1799,3258,true
1800,1,true
1801,3258,true
1802,1,true
1803,3258,true
1804,1,true
1804,3259,false
1805,1,false
1806,1,false
1807,3259,true
1808,1,true
1809,1,true
1810,1,true
1812,1,true
1813,1,true
1814,3259,true
1815,3259,true
1816,1,true
1817,1,true
1819,1,true
1820,3259,true
1820,3258,false
1821,1,true
1822,3229,true
1823,1,true
1824,3228,true
1825,1,true
1826,1,true
1826,3229,false
1827,1,true
1828,1,true
1829,1,true
1830,1,true
1831,1,true
1831,3228,false
1832,3229,true
1833,1,true
1834,3229,true
1835,1,true
1836,1,true
1837,1,true
1838,3229,true
1839,3229,true
1840,3229,true
1841,3229,true
1842,1,true
1843,1,true
1844,1,true
1845,1,true
1846,3229,true
1847,1,true
1848,1,true
1849,1,true
1850,1,true
1851,1,true
1852,3229,true
1853,1,true
1854,1,true
1855,3229,true
1856,1,true
1857,1,true
1858,3228,true
1859,1,true
1859,3228,false
1860,3229,true
1861,1,true
1862,1,true
1863,1,true
1864,1,true
1865,1,true
1866,1,true
1867,1,true
1868,1,true
1869,3229,true
1870,1,true
1871,3229,true
1871,3228,false
1873,1,true
1874,1,true
1875,3228,true
1876,1,true
1878,3229,true
1879,1,true
1880,1,true
1881,3229,true
1881,3228,false
1881,1,false
1882,3213,true
1883,1,true
1884,1,true
1885,1,true
1886,1,true
1887,1,true
1888,1,true
1889,3213,true
1890,1,true
1891,3213,true
1892,1,true
1893,3213,true
1894,1,true
1895,3213,true
1896,1,true
1897,3213,true
1898,1,true
1899,1,false
1899,3214,false
1900,1,true
1901,1,true
1902,1,true
1903,3213,true
1904,1,true
1907,1,true
1908,1,true
1909,3214,false
1910,1,true
1911,3214,true
1912,1,true
1913,1,true
1914,1,false
1914,3213,false
1915,1,true
1916,3213,true
1917,1,true
1918,1,true
1919,1,true
1920,1,true
1921,1,true
1921,3214,false
1922,1,true
1923,1,true
1924,1,true
1925,1,true
1926,1,true
1927,1,true
1928,1,true
1929,1,true
1930,1,true
1931,3213,true
1932,1,true
1933,1,true
1934,1,true
1935,3213,true
1936,1,true
1937,3213,true
1938,1,true
1939,1,true
1940,1,true
1941,1,true
1942,1,true
1942,3213,false
1943,1,true
1944,1,true
1945,1,true
1946,1,true
1947,1,true
1948,3190,true
1949,1,true
1950,1,true
1951,1,true
1952,3190,true
1953,3190,true
1954,1,true
1955,3191,true
1956,3190,true
1957,3190,true
1958,1,true
1958,3190,false
1959,1,true
1960,1,true
1961,3191,true
1962,1,true
1963,1,true
1964,1,true
1965,3190,true
1966,1,true
1967,3191,true
1968,1,true
1969,1,true
1970,1,true
1971,1,true
1972,1,true
1973,1,true
1974,1,true
1975,1,true
1976,1,true
1977,3190,true
1977,3191,false
1978,1,true
1979,1,false
1980,1,true
1981,3191,true
1982,1,true
1983,3191,true
1984,3191,true
1985,1,true
1986,1,true
1987,3191,false
1988,1,true
1989,1,true
1990,3191,false
1990,3190,false
1991,3190,true
1991,1,false
1994,3191,true
1995,3191,true
1996,3191,false
1997,3190,false
1999,1,true
2000,3190,true
2001,3191,true
2002,1,true
2002,3190,false
2003,3190,true
2004,1,true
2005,1,true
2006,1,true
2007,3140,true
2008,1,true
2009,3140,true
2010,1,true
2011,1,true
2012,3140,true
2013,3141,true
2014,1,true
2015,3140,true
2016,1,true
2017,3141,true
2018,1,true
2019,3141,true
2020,3140,true
2021,3141,true
2022,1,true
2023,3140,true
2024,1,true
2025,3140,true
2026,1,true
2027,3141,true
2028,3140,true
2028,1,false
2029,3141,true
2030,3141,true
2031,1,true
2032,3140,true
2033,3141,true
2034,1,true
2035,1,true
2036,1,true
2037,1,true
2038,3140,true
2039,3141,true
2040,1,true
2041,3140,true
2042,1,true
2043,3141,true
2044,1,true
2045,3140,true
2046,1,true
2047,1,true
2048,1,true
2049,1,true
2050,1,true
2051,3140,true
2052,3140,true
2053,1,true
2054,1,true
2057,1,true
2058,1,true
2058,3140,false
2059,1,true
2059,3141,false
2060,1,true
2061,1,true
2062,3140,true
2063,1,true
2064,3141,false
2064,3140,false
2064,1,false
2065,1,true
2066,3138,true
2067,1,true
2068,1,true
2069,3139,true
2070,3139,true
2071,3138,true
2072,1,true
2073,1,true
2074,3139,true
2075,1,true
2076,3138,true
2077,3139,true
2078,3138,true
2079,1,true
2080,1,true
2081,3139,true
2082,3139,true
2083,1,true
2084,3138,true
2086,3139,true
2087,1,true
2088,3139,false
2089,3139,false
2090,3138,true
2091,1,true
2092,1,true
2092,3138,false
2093,1,true
2094,3139,true
2095,1,true
2096,3139,true
2097,1,true
2098,3139,true
2099,3139,true
2100,3138,true
2101,3139,true
2102,3139,true
2105,3138,true
2106,3139,true
2107,1,true
2107,3139,false
2108,3139,true
2109,3139,true
2110,3139,true
2111,3138,false
2112,1,true
2113,1,true
2114,1,true
2115,1,true
2116,1,true
2117,1,true
2118,1,true
2119,1,true
2120,3139,true
2122,3139,false
2123,1,true
2125,3138,true
2126,1,true
2127,1,true
2128,3114,true
2129,1,true
2130,3115,true
2131,1,true
2132,1,true
2133,1,true
2134,3114,true
2135,3115,true
2136,1,true
2137,3115,true
2138,1,true
2139,3114,true
2140,1,true
2141,3114,true
2141,1,false
2142,1,true
2143,3115,true
2144,1,true
2145,3114,true
2146,1,true
2147,1,true
2148,1,true
2149,1,true
2150,1,true
2151,3115,true
2152,1,true
2153,3115,true
2154,1,true
2155,3115,true
2156,1,true
2157,1,true
2158,1,true
2159,3114,true
2159,3115,false
2160,3114,true
2161,1,true
2162,1,true
2163,1,true
2164,1,true
2165,3115,true
2166,3114,true
2167,1,true
2168,1,true
2168,3114,false
2169,1,true
2170,1,true
2171,1,true
2172,3115,true
2173,3115,false
2174,3115,true
2175,1,true
2176,1,true
2177,3115,true
2179,1,true
2180,3114,true
2181,1,true
2182,1,true
2183,1,true
2184,3115,true
2185,3115,true
2186,1,true
2186,3114,false
2186,3115,false
2187,3075,true
2188,1,true
2189,3075,true
2191,3074,true
2192,1,true
2193,1,true
2194,3074,true
2195,3075,true
2196,1,true
2197,1,true
2198,1,true
2199,3075,true
2200,1,true
2201,1,true
2202,3075,true
2203,1,true
2204,1,true
2205,3074,false
2206,1,true
2207,1,true
2208,3075,false
2209,1,true
2210,1,false
2211,1,true
2212,1,true
2213,1,true
2214,3074,true
2215,3075,true
2216,1,true
2217,3075,true
2218,1,true
2219,3075,true
2220,3075,true
2221,3075,true
2221,1,false
2221,3074,false
2222,1,true
2223,1,true
2224,3075,true
2225,1,true
2226,3075,true
2227,1,true
2228,3075,true
2229,1,true
2230,1,true
2231,3074,true
2232,3075,true
2233,1,true
2233,3075,false
2234,1,true
2235,1,true
2236,1,true
2237,3075,false
2238,1,true
2239,1,true
2241,1,true
2243,3075,true
2244,1,true
2246,1,true
2247,3074,true
2247,1,false
2248,480,true
2249,1,true
2250,1,true
2251,1,true
2252,480,true
2253,480,true
2254,1,true
2255,479,true
2256,1,true
2257,1,true
2258,1,true
2259,1,true
2260,480,true
2261,1,true
2262,1,true
2263,1,true
2264,479,true
2265,480,true
2266,480,false
2267,479,true
2268,480,true
2269,1,true
2271,1,true
2272,479,true
2273,1,true
2274,480,true
2275,479,true
2276,479,true
2277,1,true
2278,1,true
2279,480,true
2280,479,true
2281,479,true
2282,480,true
2283,479,true
2284,479,true
2285,479,true
2286,1,true
2287,1,true
2287,480,false
2288,479,true
2289,1,true
2290,1,true
2291,479,true
2292,1,true
2292,480,false
2293,480,true
2294,480,false
2294,1,false
2295,479,true
2296,1,true
2297,1,true
2298,1,true
2299,480,true
2299,1,false
2300,480,true
2300,1,false
2301,480,true
2302,1,true
2303,1,true
2304,1,true
2305,479,true
2306,480,true
2307,479,true
2308,480,true
2308,479,false
2908,1,true
2909,1,true
2910,119,true
2911,119,true
2912,119,true
2913,1,true
2914,1,true
2915,120,true
2916,1,true
2917,1,true
2918,1,true
2920,1,true
2921,1,true
2922,1,true
2923,1,true
2924,119,true
2926,1,true
2927,1,true
2928,120,true
2929,120,true
2929,119,false
2930,120,true
2931,120,true
2931,119,false
2932,1,true
2934,1,true
2935,119,true
2936,120,true
2937,119,true
2938,1,true
2939,1,true
2940,1,true
2941,1,true
2942,1,false
2942,120,false
2943,1,true
2944,1,false
2944,119,false
2945,120,true
2946,1,true
2947,119,true
2949,1,true
2950,1,true
2951,1,true
2952,1,true
2953,1,true
2955,1,false
2956,1,false
2957,120,true
2958,120,true
2959,1,true
2960,119,false
2961,1,true
2962,119,false
2963,1,true
2964,120,true
2965,120,true
2965,1,false
2966,118,true
2966,1,false
2967,118,true
2968,1,true
2969,1,true
2970,1,true
2971,118,true
2972,1,true
2973,1,true
2974,1,true
2975,118,true
2975,117,false
2976,1,true
2977,118,true
2978,118,false
2979,1,true
2979,118,false
2980,118,true
2981,118,false
2982,118,true
2983,1,true
2984,1,true
2985,1,true
2986,1,true
2987,118,true
2988,118,true
2989,1,true
2991,1,true
2991,118,false
2992,1,true
2992,118,false
2993,118,true
2994,1,true
2995,118,true
2996,118,true
2996,117,false
2997,1,true
2998,1,true
2999,118,true
3000,118,true
3001,118,true
3002,1,true
3003,118,true
3004,1,true
3005,118,true
3006,1,true
3007,118,true
3008,1,true
3009,118,true
3010,118,true
3011,117,true
3012,1,true
3013,1,true
3014,118,false
3015,118,true
3016,1,true
3017,118,true
3018,1,true
3019,118,true
3020,118,true
3022,1,true
3023,118,false
3024,1,true
3024,117,false
3024,118,false
3025,1,true
3026,116,true
3027,116,true
3028,1,true
3028,116,false
3029,1,true
3030,1,true
3031,1,true
3032,115,true
3033,116,true
3034,1,true
3035,116,true
3036,116,true
3037,1,true
3038,1,true
3039,1,true
3040,1,true
3041,1,true
3042,1,true
3042,116,false
3043,1,true
3044,115,true
3045,116,true
3046,1,true
3047,1,true
3048,115,true
3049,1,true
3050,115,true
3051,116,true
3052,1,true
3052,116,false
3052,115,false
3053,1,true
3054,1,true
3055,1,true
3056,115,true
3056,1,false
3057,116,true
3058,1,true
3059,1,true
3060,1,true
3061,115,true
3062,1,true
3063,1,true
3064,115,true
3065,115,true
3066,116,true
3067,1,true
3068,1,true
3069,1,true
3070,1,true
3071,1,true
3072,115,true
3073,1,true
3074,1,true
3075,1,true
3076,1,false
3077,1,false
3078,1,true
3079,1,true
3080,1,true
3081,1,true
3082,1,true
3083,115,false
3084,116,true
3084,115,false
3085,116,true
3085,115,false
3085,1,false
3086,1,true
3087,1,true
3088,1,true
3089,1,true
3090,1,true
3091,1,true
3092,113,true
3093,1,true
3094,1,true
3095,114,true
3096,114,true
3097,1,true
3098,1,true
3099,113,true
3100,1,true
3101,113,true
3101,114,false
3102,1,true
3103,1,true
3104,1,true
3105,113,true
3107,1,true
3108,1,true
3109,1,true
3110,1,true
3111,1,true
3113,1,true
3115,113,true
3116,1,true
3117,1,true
3118,113,true
3119,1,true
3120,1,true
3121,1,true
3122,113,true
3123,1,true
3124,1,false
3125,1,true
3126,114,true
3127,1,true
3128,113,false
3129,1,true
3130,1,true
3131,1,true
3132,1,false
3133,113,true
3134,1,true
3135,1,true
3136,114,true
3137,1,true
3138,113,true
3139,1,true
3140,1,true
3141,113,true
3142,113,false
3143,113,true
3144,1,true
3145,1,true
3146,1,true
3146,114,false
3146,113,false
3147,111,true
3148,1,true
3149,111,true
3150,1,true
3151,111,true
3152,1,true
3153,111,true
3154,1,true
3155,1,true
3156,1,true
3157,1,true
3158,112,true
3159,1,true
3160,1,true
3161,1,true
3162,1,true
3163,1,true
3164,1,true
3165,1,true
3166,1,true
3167,111,true
3168,1,true
3169,1,true
3170,1,true
3171,112,true
3173,1,true
3174,1,true
3175,112,true
3176,112,true
3177,1,true
3178,1,true
3179,1,true
3180,1,true
3181,1,true
3182,1,true
3183,1,true
3184,1,true
3185,1,true
3186,1,true
3187,1,false
3188,1,true
3189,111,true
3190,1,true
3191,111,true
3192,1,true
3193,1,true
3194,1,true
3195,1,true
3195,111,false
3196,1,true
3197,1,true
3198,1,true
3199,1,false
3200,1,true
3202,1,true
3203,1,true
3204,112,false
3206,1,true
3207,112,true
3207,111,false
3811,1,true
3812,1,true
3813,1,true
3814,1,true
3815,94,true
3816,94,true
3816,1,false
3817,1,true
3818,94,true
3819,1,true
3820,1,true
3821,95,true
3821,1,false
3822,95,true
3823,1,true
3824,94,true
3825,94,true
3826,95,true
3827,94,true
3827,1,false
3827,95,false
3828,94,true
3829,1,true
3830,94,true
3832,95,true
3833,95,true
3834,94,true
3835,94,true
3836,1,true
3837,95,true
3838,95,true
3839,95,true
3840,95,true
3841,1,false
3842,1,true
3843,1,true
3844,95,true
3845,94,true
3846,1,true
3847,1,true
3848,1,true
3849,95,true
3850,1,true
3851,1,true
3852,94,true
3853,1,true
3854,94,true
3855,1,true
3856,1,true
3857,1,true
3858,1,true
3859,1,true
3860,94,true
3862,1,true
3863,95,true
3864,94,true
3865,1,true
3866,1,true
3867,1,true
3868,1,true
3869,94,true
3870,94,false
3871,94,true
3872,92,true
3873,1,true
3874,1,true
3875,1,true
3876,1,true
3877,92,true
3878,1,true
3879,1,true
3880,1,true
3881,93,true
3882,1,true
3883,1,true
3884,1,true
3884,92,false
3885,93,true
3886,1,true
3887,1,true
3888,93,true
3889,1,true
3890,93,true
3891,1,true
3892,1,true
3892,93,false
3893,92,true
3894,1,true
3895,92,true
3896,1,true
3897,1,true
3898,1,true
3899,1,true
3902,1,true
3903,93,true
3904,93,true
3905,1,true
3906,93,true
3906,1,false
3907,92,true
3908,1,true
3909,1,false
3910,1,true
3911,1,true
3912,1,true
3913,1,false
3914,1,true
3915,93,false
3916,1,true
3917,1,true
3918,1,true
3920,1,true
3922,1,true
3923,1,false
3923,93,false
3924,1,true
3925,1,true
3928,1,true
3929,1,true
3930,93,false
3930,92,false
3930,1,false
3931,1,true
3932,91,true
3933,90,true
3934,91,true
3935,91,true
3936,1,true
3937,1,true
3938,1,true
3939,1,true
3940,90,true
3941,1,true
3942,91,true
3943,1,true
3944,1,true
3945,1,true
3946,91,true
3947,90,true
3948,1,true
3949,91,true
3950,91,true
3951,1,true
3952,1,true
3953,91,true
3953,90,false
3954,91,true
3955,91,true
3956,1,true
3957,91,false
3958,1,false
3959,91,true
3960,90,true
3961,1,true
3961,91,false
3962,91,true
3963,1,true
3964,1,true
3965,91,true
3966,91,true
3967,1,true
3968,1,true
3969,91,true
3970,1,true
3971,1,true
3972,91,true
3973,1,true
3974,1,true
3975,1,true
3975,90,false
3976,91,true
3977,91,true
3978,1,true
3979,1,true
3980,1,true
3981,1,true
3982,1,true
3983,1,false
3984,1,true
3985,91,true
3986,91,true
3987,91,true
3988,1,true
3990,1,true
3991,91,true
3991,90,false
3992,88,true
3993,88,true
3994,1,true
3995,89,true
3996,1,true
3997,1,true
3998,88,true
3999,1,true
4000,89,true
4001,1,true
4002,1,true
4003,1,true
4004,1,true
4005,88,true
4006,1,true
4007,1,true
4008,1,false
4008,88,false
4009,1,true
4010,1,true
4011,1,true
4012,88,true
4013,1,true
4014,89,true
4015,1,true
4016,1,false
4018,1,true
4019,1,true
4021,1,true
4022,1,true
4023,1,true
4024,1,true
4025,1,true
4026,88,true
4027,1,true
4028,89,true
4029,1,true
4030,88,true
4031,1,true
4032,1,true
4033,1,true
4034,1,true
4035,1,true
4036,1,true
4037,1,true
4038,1,true
4039,1,true
4040,1,true
4041,1,true
4042,88,false
4043,1,true
4044,1,true
4045,88,true
4046,1,true
4048,1,true
4049,1,true
4050,1,true
4051,88,true
4051,89,false
4051,1,false
4052,86,true
4053,1,true
4054,1,true
4055,1,true
4056,1,true
4057,1,true
4058,86,true
4058,87,false
4059,87,true
4060,1,true
4061,87,true
4062,87,true
4063,87,true
4064,1,true
4065,1,true
4066,87,true
4067,1,true
4067,87,false
4068,87,true
4069,1,true
4070,87,false
4070,86,false
4071,1,true
4072,1,true
4073,87,true
4074,1,true
4075,1,true
4076,1,false
4077,1,true
4078,1,true
4078,87,false
4079,87,true
4080,1,true
4081,1,true
4082,1,true
4083,1,true
4084,1,true
4084,87,false
4085,1,true
4086,1,true
4087,1,true
4088,1,true
4089,87,true
4090,87,true
4091,1,true
4092,87,true
4093,87,true
4094,1,true
4095,1,true
4096,1,true
4097,1,true
4099,87,true
4100,1,true
4101,1,true
4102,1,true
4103,1,true
4105,1,false
4106,87,true
4107,1,true
4108,1,true
4109,86,false
4110,1,true
4110,87,false
4111,84,true
4112,1,true
4113,1,true
4114,84,true
4115,1,true
4116,84,true
4117,1,true
4118,84,true
4119,1,true
4120,1,true
4121,1,true
4122,84,true
4123,1,true
4124,1,true
4125,1,true
4126,1,true
4127,1,true
4128,1,true
4129,1,true
4130,1,true
4131,84,true
4132,1,true
4133,1,true
4134,85,true
4136,84,true
4137,84,true
4138,85,true
4138,84,false
4139,1,true
4140,1,true
4141,1,true
4142,1,true
4143,1,true
4144,84,true
4145,1,true
4146,85,true
4147,1,true
4148,1,true
4149,84,true
4150,84,true
4151,85,true
4152,84,true
4153,1,true
4154,1,true
4155,1,true
4156,1,true
4157,1,true
4157,84,false
4158,1,true
4159,1,true
4160,1,true
4161,1,false
4162,1,true
4163,1,true
4164,1,true
4165,1,true
4166,84,true
4169,85,true
4169,84,false
4170,83,true
4171,82,true
4171,1,false
4172,82,true
4173,83,true
4174,1,true
4175,1,true
4176,82,true
4177,83,true
4178,1,true
4179,1,true
4180,1,true
4181,1,true
4182,1,true
4183,1,true
4184,1,true
4185,1,true
4186,83,true
4187,1,true
4188,1,false
4189,83,true
4191,1,true
4192,1,true
4193,1,true
4195,82,true
4196,1,true
4197,1,true
4198,82,true
4199,82,true
4200,1,true
4201,1,true
4202,1,true
4203,1,true
4204,1,true
4205,82,true
4206,1,true
4206,83,false
4207,1,true
4208,83,true
4209,1,true
4210,82,true
4211,1,true
4212,1,true
4213,1,true
4214,82,true
4215,1,true
4216,83,true
4217,1,true
4218,83,true
4219,1,true
4220,1,true
4221,1,true
4222,1,true
4222,82,false
4223,83,true
4225,1,false
4226,1,true
4227,1,true
4228,82,true
4229,1,true
4230,82,true
4230,83,false
4230,1,false
4231,1,true
4232,1,true
4233,81,true
4234,80,true
4235,1,true
4236,81,true
4237,81,true
4238,1,true
4239,1,true
4240,1,true
4241,1,true
4242,80,true
4243,1,true
4244,1,true
4245,1,true
4246,1,true
4247,1,true
4248,1,true
4249,81,true
4250,1,true
4251,1,false
4252,1,true
4252,80,false
4253,1,true
4254,1,true
4255,1,true
4256,1,true
4257,80,true
4258,1,true
4259,1,true
4260,81,true
4261,80,true
4263,80,true
4264,81,true
4265,1,true
4266,1,false
4267,1,true
4268,1,true
4269,81,true
4270,1,true
4271,81,true
4272,1,true
4273,81,true
4274,1,true
4275,80,true
4276,81,true
4277,1,true
4278,1,true
4279,80,true
4280,1,true
4281,1,true
4282,80,true
4283,80,true
4284,1,true
4285,1,true
4286,1,false
4287,1,true
4288,80,true
4289,1,false
4290,1,true
4291,1,true
4291,81,false
4291,80,false
4292,79,true
4293,1,true
4294,79,true
4295,79,true
4296,1,true
4297,1,true
4298,1,true
4299,79,true
4300,1,true
4301,78,true
4302,1,false
4302,78,false
4303,1,true
4304,1,false
4305,79,true
4306,79,true
4307,1,true
4308,79,true
4309,78,true
4310,78,true
4311,79,false
4312,1,true
4313,1,true
4314,1,true
4315,1,true
4315,78,false
4316,78,true
4317,79,true
4319,78,true
4320,1,true
4321,79,true
4322,1,true
4322,78,false
4323,79,true
4324,1,true
4325,1,true
4326,1,true
4327,1,true
4328,1,true
4329,1,true
4330,1,true
4331,1,true
4332,1,true
4333,1,true
4334,1,true
4335,1,true
4336,1,false
4337,1,true
4338,1,true
4339,1,true
4341,1,true
4342,79,true
4343,78,true
4344,1,true
4345,1,true
4347,78,true
4348,79,true
4349,1,false
4349,78,false
4350,1,true
4351,79,true
4351,1,false
4351,78,false
4352,78,true
4352,79,false
4353,76,true
4354,1,true
4355,1,true
4356,1,true
4357,77,true
4358,77,true
4359,1,true
4360,1,true
4361,76,true
4362,1,true
4363,1,true
4364,1,true
4365,1,true
4366,76,true
4367,1,true
4368,1,true
4369,1,true
4370,77,true
4371,77,true
4372,1,true
4373,76,true
4374,1,true
4375,1,true
4376,77,true
4377,77,true
4378,1,false
4379,1,true
4380,77,true
4381,1,true
4382,1,true
4383,76,true
4383,1,false
4383,77,false
4384,1,true
4385,1,true
4386,1,true
4387,77,true
4388,1,true
4389,1,true
4390,77,true
4391,1,true
4392,1,true
4393,1,true
4394,77,true
4395,76,true
4396,1,true
4397,77,true
4398,77,true
4398,1,false
4398,76,false
4399,76,true
4400,76,true
4400,1,false
4401,76,true
4402,77,true
4403,1,true
4404,77,true
4405,77,true
4406,77,true
4407,1,true
4408,77,true
4409,1,true
4410,1,true
4411,76,true
4412,1,true
4413,77,true
4413,76,false
4414,75,true
4415,1,true
4416,1,true
4417,75,true
4418,1,false
4419,1,true
4420,75,true
4422,74,true
4423,1,true
4424,74,true
4425,75,true
4426,1,true
4427,75,false
4428,74,false
4429,1,true
4430,1,true
4431,74,true
4432,1,true
4432,75,false
4434,74,true
4435,74,false
4436,75,true
4436,1,false
4437,1,true
4439,1,true
4441,75,true
4442,1,true
4444,1,true
4445,1,false
4446,1,true
4447,1,true
4448,75,true
4449,1,true
4450,1,true
4451,75,true
4452,1,true
4453,1,true
4453,75,false
4454,1,true
4455,75,true
4456,1,false
4456,74,false
4457,75,true
4458,1,true
4459,74,false
4460,75,true
4461,74,true
4464,1,true
4465,1,true
4466,1,false
4466,74,false
4467,75,true
4468,1,true
4470,1,true
4471,75,true
4472,1,true
4473,75,true
4474,1,true
4474,75,false
4475,1,true
4476,73,true
4477,1,true
4478,1,true
4479,72,true
4480,1,true
4481,72,true
4482,72,true
4482,1,false
4483,1,true
4484,1,true
4485,72,true
4486,1,true
4487,1,true
4488,73,true
4489,1,true
4490,1,true
4491,72,true
4492,1,true
4493,72,true
4494,1,true
4495,73,false
4496,1,true
4497,73,true
4498,1,true
4499,1,true
4499,73,false
4499,72,false
4500,73,true
4501,72,true
4502,1,true
4503,72,true
4504,1,true
4505,72,true
4506,1,true
4507,1,true
4508,1,true
4509,72,true
4510,1,true
4511,72,true
4513,1,true
4514,1,true
4515,72,true
4516,72,true
4517,1,true
4518,1,true
4519,73,true
4520,1,true
4521,1,true
4522,72,true
4523,1,true
4525,1,true
4526,73,true
4527,1,true
4528,1,true
4530,1,false
4531,1,true
4532,73,true
4533,1,true
4534,72,true
4535,1,true
4535,73,false
4535,72,false
4821,56,true
4822,1,false
4822,55,false
4823,1,true
4824,1,true
4825,1,true
4826,1,true
4827,55,true
4828,1,true
4829,1,true
4830,1,true
4831,1,true
4832,1,true
4832,55,false
4833,55,true
4834,1,true
4835,1,false
4836,1,true
4837,1,true
4838,56,true
4839,1,true
4839,56,false
4840,1,true
4841,56,true
4842,1,true
4843,55,true
4844,1,true
4845,1,true
4846,1,true
4846,56,false
4847,1,false
4847,56,false
4848,1,true
4848,56,false
4849,56,true
4850,55,true
4851,1,true
4852,56,true
4853,1,true
4854,56,true
4855,55,true
4856,56,true
4857,56,true
4858,1,true
4859,1,true
4860,1,true
4861,56,true
4862,56,true
4863,1,true
4865,1,true
4866,1,true
4867,56,true
4868,1,true
4869,1,true
4871,1,true
4872,1,true
4873,1,true
4874,56,true
4875,1,true
4876,1,true
4877,1,true
4878,1,false
4879,55,true
4880,1,true
4881,1,true
4881,55,false
4881,56,false
4882,1,true
4883,1,true
4884,53,true
4885,53,true
4886,1,true
4887,1,true
4888,1,true
4889,1,true
4890,1,true
4891,54,true
4892,1,true
4893,53,true
4894,1,true
4895,54,true
4896,1,true
4897,1,true
4898,54,true
4899,1,true
4900,1,true
4901,1,false
4902,1,true
4903,1,true
4904,1,true
4905,1,true
4908,1,true
4909,53,true
4910,1,true
4912,1,true
4913,1,true
4914,1,true
4915,54,true
4915,1,false
4916,1,true
4917,53,true
4918,1,true
4919,54,false
4920,1,true
4921,1,true
4923,54,true
4924,54,true
4925,1,true
4925,53,false
4926,1,true
4927,53,true
4928,1,true
4930,1,true
4931,1,true
4932,54,true
4933,1,true
4934,53,true
4934,1,false
4936,1,false
4937,1,true
4938,53,true
4938,1,false
4939,1,true
4940,1,true
4941,54,true
4942,1,true
4942,53,false
4942,54,false
4943,1,true
4944,1,true
4945,51,true
4946,51,true
4947,1,true
4948,1,true
4949,1,true
4950,1,true
4951,1,false
4951,52,false
4951,51,false
4952,52,true
4953,1,true
4954,1,true
4955,1,true
4956,1,true
4957,1,true
4958,52,true
4959,1,true
4960,51,true
4961,52,true
4962,51,false
4963,51,true
4964,51,true
4965,1,true
4966,1,true
4967,1,true
4968,51,true
4969,52,true
4969,1,false
4970,1,true
4971,1,true
4972,1,true
4973,52,true
4974,1,true
4975,1,true
4976,52,true
4977,1,true
4978,52,true
4979,1,true
4980,52,true
4981,52,true
4982,1,true
4983,1,false
4984,1,true
4985,52,true
4986,1,true
4987,52,true
4987,51,false
4988,1,true
4989,1,true
4990,1,true
4991,52,true
4992,1,true
4993,1,true
4994,1,true
4995,52,true
4995,1,false
4996,52,true
4997,1,false
4997,52,false
4998,1,true
4999,1,true
5000,1,true
5001,51,true
5001,52,false
5002,50,true
5003,50,true
5004,1,true
5005,50,true
5006,1,false
5006,50,false
5007,1,true
5008,1,true
5009,49,true
5010,1,true
5011,1,true
5012,1,true
5013,1,true
5014,50,true
5015,49,true
5016,1,true
5017,1,true
5018,1,true
5019,1,true
5020,49,true
5021,1,true
5022,1,true
5023,1,true
5024,1,true
5025,50,true
5026,50,false
5028,1,false
5029,1,true
5029,50,false
5030,1,false
5031,1,true
5032,1,true
5033,1,true
5034,1,true
5035,1,true
5036,1,true
5037,50,true
5038,49,true
5038,1,false
5039,1,true
5040,50,true
5041,1,true
5042,49,true
5042,1,false
5043,1,true
5045,1,true
5046,1,true
5047,1,true
5048,1,true
5048,49,false
5049,49,true
5050,49,false
5051,1,true
5052,1,true
5053,1,true
5054,50,true
5055,1,true
5056,49,false
5057,1,true
5058,50,true
5059,1,true
5060,49,true
5061,1,true
5061,48,false
5062,1,true
5063,47,true
5064,47,true
5065,1,true
5066,1,true
5067,47,true
5068,1,true
5069,47,true
5070,1,true
5071,1,true
5072,47,true
5073,1,true
5074,1,true
5075,1,true
5076,1,true
5077,1,true
5078,47,true
5079,1,true
5080,47,true
5081,48,true
5081,47,false
5082,48,true
5082,47,false
5084,1,true
5085,47,true
5086,1,true
5087,1,false
5088,1,true
5089,1,true
5090,1,true
5091,47,true
5092,1,true
5093,1,true
5094,47,true
5094,1,false
5095,1,true
5096,1,true
5097,1,true
5098,47,true
5099,47,true
5100,1,true
5101,1,true
5102,1,true
5103,1,true
5105,1,false
5105,48,false
5106,48,true
5107,1,true
5108,47,true
5109,1,true
5111,47,false
5112,48,true
5113,1,true
5114,1,true
5118,1,true
5119,1,true
5120,1,true
5121,48,true
5122,1,false
5123,45,true
5123,1,false
5124,46,true
5125,46,true
5125,1,false
5126,46,true
5127,1,true
5128,1,true
5129,1,true
5130,1,true
5131,1,true
5132,1,true
5133,1,true
5134,45,false
5135,45,true
5136,1,true
5137,1,true
5138,1,true
5139,1,true
5140,1,false
5141,46,true
5142,1,true
5143,1,true
5144,1,true
5145,1,true
5145,46,false
5146,1,true
5147,1,false
5148,1,true
5149,1,true
5150,1,true
5151,1,true
5152,1,true
5153,46,true
5154,45,true
5155,1,true
5156,1,true
5157,1,true
5158,1,true
5159,1,true
5160,46,true
5161,1,true
5162,1,true
5164,1,true
5165,1,true
5166,1,true
5167,1,true
5168,1,true
5169,1,false
5170,1,true
5171,46,true
5172,1,true
5173,1,true
5174,1,true
5175,1,true
5176,1,true
5177,1,true
5178,1,true
5179,45,true
5180,46,true
5181,1,true
5182,45,true
5182,46,false
5182,1,false
5183,44,true
5184,43,true
5185,43,true
5186,1,true
5187,1,true
5188,1,true
5189,43,true
5189,1,false
5190,44,true
5191,1,true
5192,1,true
5193,1,true
5194,43,true
5195,44,true
5195,1,false
5196,1,true
5197,44,true
5198,1,true
5199,1,true
5200,1,true
5201,44,true
5202,44,true
5203,1,true
5204,1,true
5205,1,true
5206,1,true
5207,44,false
5208,44,true
5209,1,true
5210,1,true
5211,43,true
5212,1,true
5213,43,true
5214,1,true
5215,1,true
5216,1,true
5217,1,true
5218,1,true
5219,1,true
5220,43,true
5221,1,true
5222,1,true
5223,1,true
5224,1,true
5225,1,true
5226,44,true
5227,1,false
5228,1,true
5229,1,true
5230,1,true
5231,44,false
5232,1,true
5233,43,true
5234,1,true
5235,1,true
5237,44,true
5238,1,true
5239,44,true
5240,1,true
5241,43,true
5242,44,true
5243,1,true
5243,43,false
5243,44,false
5244,1,true
5245,1,true
5246,1,true
5247,1,true
5248,1,true
5249,1,true
5250,1,true
5251,1,true
5252,41,true
5253,1,true
5254,41,true
5255,41,true
5256,1,true
5257,1,true
5257,41,false
5258,1,true
5259,1,true
5260,1,true
5261,1,true
5262,42,true
5263,1,true
5265,1,true
5266,41,true
5267,1,true
5268,42,false
5269,1,true
5270,1,true
5271,1,true
5272,1,true
5273,1,false
5274,1,true
5275,41,true
5276,1,true
5277,1,true
5278,42,true
5279,41,true
5280,1,true
5281,1,true
5282,1,true
5283,1,true
5284,41,true
5285,1,true
5286,1,true
5287,1,true
5288,1,true
5289,1,true
5290,1,false
5291,42,true
5292,41,true
5293,1,true
5294,1,true
5295,1,true
5296,1,true
5298,1,true
5300,1,true
5301,1,true
5302,42,true
5304,42,true
5304,41,false
5304,1,false
5305,39,true
5305,1,false
5306,1,true
5307,40,true
5308,40,true
5309,1,true
5310,1,true
5311,39,true
5312,1,true
5313,1,true
5314,40,true
5315,1,true
5316,39,false
5317,40,true
5318,40,true
5319,39,true
5319,1,false
5320,1,true
5321,40,true
5322,40,false
5323,40,true
5323,1,false
5324,1,true
5325,39,true
5326,1,true
5327,1,true
5328,40,true
5330,1,true
5331,39,true
5333,40,true
5334,1,true
5335,1,true
5336,1,true
5337,1,true
5338,1,true
5339,39,true
5340,1,true
5341,1,true
5342,1,true
5343,1,true
5344,1,true
5345,40,true
5346,1,true
5347,1,true
5348,1,true
5349,1,true
5350,1,false
5351,39,true
5352,1,true
5353,1,true
5354,1,true
5355,1,true
5356,40,true
5357,1,true
5358,1,true
5359,1,true
5360,40,true
5363,1,true
5364,1,true
5364,39,false
5365,40,true
5365,39,false
5366,1,true
5367,38,true
5368,1,true
5369,1,true
5370,38,true
5371,38,true
5372,37,true
5373,1,true
5374,1,true
5375,38,true
5376,1,true
5377,38,true
5378,38,true
5379,1,true
5380,1,true
5381,1,true
5381,37,false
5382,1,true
5383,38,true
5384,38,false
5386,1,true
5387,38,true
5388,1,true
5389,1,true
5390,38,true
5391,1,true
5392,38,false
5394,1,true
5395,37,true
5395,1,false
5396,37,true
5397,1,true
5398,38,true
5399,38,true
5400,38,true
5400,1,false
5401,1,true
5403,1,false
5404,1,false
5405,38,true
5406,1,true
5407,38,true
5408,38,true
5409,1,true
5410,1,true
5411,1,true
5412,38,true
5413,1,true
5414,1,false
5416,38,true
5416,1,false
5417,38,true
5418,1,true
5419,1,true
5420,1,true
5422,38,true
5423,1,true
5424,38,true
5425,37,false
5426,1,true
5426,38,false
6037,1,true
6038,1,false
6039,20,true
6040,1,true
6041,1,true
6042,1,true
6043,1,true
6044,20,true
6045,1,true
6046,1,true
6047,1,true
6048,1,true
6049,1,false
6049,21,false
6049,20,false
6050,1,true
6051,21,true
6052,20,true
6053,1,true
6054,1,true
6055,1,true
6057,1,true
6057,20,false
6058,1,true
6059,1,true
6060,1,true
6061,1,false
6062,1,true
6062,21,false
6063,21,true
6064,1,true
6066,1,true
6067,1,true
6068,1,true
6069,1,true
6070,1,true
6071,20,true
6072,1,true
6073,1,true
6074,1,true
6075,1,true
6076,1,true
6077,1,true
6078,1,true
6079,1,true
6080,1,true
6081,1,true
6082,1,true
6083,1,true
6084,1,true
6085,21,true
6086,1,true
6087,1,true
6088,1,true
6089,1,false
6090,1,true
6091,20,true
6092,21,true
6093,1,true
6094,18,true
6095,1,true
6096,18,true
6097,1,true
6098,1,true
6098,18,false
6099,1,true
6100,1,true
6101,1,true
6102,1,true
6103,19,true
6104,19,true
6105,1,true
6106,1,true
6107,18,true
6107,1,false
6108,19,true
6109,18,true
6109,1,false
6110,18,true
6110,19,false
6111,1,true
6112,1,true
6113,1,true
6114,1,true
6115,19,true
6116,1,true
6117,19,false
6117,18,false
6118,1,true
6119,1,true
6120,18,true
6121,19,true
6122,18,false
6123,1,true
6124,18,true
6125,1,true
6126,19,true
6128,1,true
6129,1,true
6130,1,true
6131,19,true
6133,1,true
6134,1,false
6135,19,true
6136,1,true
6137,1,false
6138,19,true
6139,18,true
6140,1,true
6141,1,false
6142,18,true
6143,19,true
6144,1,true
6145,18,true
6145,1,false
6145,19,false
6146,1,true
6147,1,true
6148,1,true
6149,1,true
6151,1,true
6152,19,true
6152,18,false
6153,16,true
6154,16,true
6155,1,true
6156,16,true
6157,1,true
6157,17,false
6158,1,true
6159,16,true
6159,1,false
6160,1,true
6161,1,true
6162,1,true
6163,16,true
6164,1,true
6165,1,true
6167,1,true
6168,1,true
6169,1,true
6170,16,true
6172,1,true
6173,1,true
6174,1,true
6175,1,true
6176,16,false
6177,1,true
6179,1,true
6180,1,true
6181,1,true
6182,17,true
6183,1,true
6184,1,true
6185,1,true
6186,1,false
6187,1,true
6188,1,true
6189,17,true
6190,1,true
6191,1,true
6192,16,true
6193,1,true
6194,1,true
6195,17,false
6196,1,true
6197,1,true
6198,1,true
6199,1,true
6200,1,true
6201,1,true
6202,1,true
6203,1,true
6204,16,true
6206,17,true
6207,1,true
6208,1,true
6209,1,true
6210,1,true
6211,1,true
6212,16,true
6213,16,true
6213,17,false
6213,1,false
6214,14,true
6215,1,true
6216,1,true
6217,1,true
6218,14,true
6219,1,true
6220,15,true
6221,1,true
6222,1,true
6223,1,true
6224,1,true
6225,1,true
6226,15,false
6227,1,true
6228,1,true
6229,1,true
6230,1,true
6231,1,true
6232,15,true
6232,1,false
6233,1,true
6234,1,true
6235,1,true
6236,14,true
6237,1,true
6238,1,true
6239,1,true
6240,15,true
6241,15,true
6242,14,false
6243,1,true
6244,1,true
6245,14,true
6246,1,true
6247,1,true
6248,1,true
6249,14,true
6250,1,true
6252,1,true
6253,1,true
6254,1,true
6255,1,true
6256,1,false
6256,15,false
6256,14,false
6257,15,true
6257,1,false
6258,1,true
6259,15,true
6260,1,true
6261,1,true
6263,15,false
6264,1,true
6265,1,true
6266,1,true
6267,14,true
6269,1,false
6270,1,true
6271,15,true
6272,1,true
6273,1,true
6274,14,true
6275,12,true
6276,12,true
6277,1,true
6278,12,true
6279,1,true
6280,12,true
6281,1,true
6282,12,true
6283,1,true
6284,1,true
6285,1,true
6286,1,true
6287,1,true
6288,1,true
6289,1,true
6290,1,true
6291,1,true
6292,12,true
6293,1,true
6294,1,true
6295,1,true
6296,1,true
6296,12,false
6297,1,true
6298,12,true
6299,1,true
6300,1,true
6301,1,true
6302,1,true
6303,1,true
6304,1,true
6305,1,true
6306,1,true
6307,13,true
6308,1,true
6309,12,true
6309,13,false
6310,1,true
6311,1,true
6312,1,true
6313,1,true
6314,12,true
6315,12,true
6316,1,true
6317,1,true
6318,13,true
6319,13,true
6320,12,false
6321,1,true
6322,1,true
6323,1,true
6324,1,true
6325,1,true
6325,12,false
6326,13,true
6326,1,false
6327,1,true
6328,1,true
6331,1,false
6331,13,false
6331,12,false
6332,1,true
6333,12,false
6334,1,true
6335,13,true
6336,10,true
6337,1,true
6338,1,true
6339,1,true
6340,1,true
6341,10,true
6342,1,true
6343,1,true
6344,10,true
6345,1,true
6346,10,true
6347,10,true
6348,1,true
6349,1,true
6350,1,true
6351,11,true
6352,1,true
6353,1,true
6354,10,true
6355,1,true
6356,10,true
6357,10,true
6358,1,true
6359,1,true
6360,1,true
6361,10,true
6362,1,true
6363,1,true
6364,10,true
6365,1,true
6366,10,true
6367,1,true
6368,10,true
6369,1,true
6370,1,false
6370,11,false
6370,10,false
6371,11,true
6371,1,false
6372,10,true
6373,10,true
6374,1,true
6375,1,true
6376,1,true
6377,1,true
6378,1,true
6379,10,true
6380,1,true
6381,1,true
6382,10,true
6383,1,true
6384,1,true
6385,1,true
6386,1,true
6387,11,true
6388,10,true
6389,10,false
6390,1,true
6391,1,false
6392,10,false
6393,10,false
6394,1,true
6395,10,true
6395,11,false
6396,8,true
6396,1,false
6397,1,true
6398,1,true
6399,1,true
6400,1,true
6401,9,true
6402,1,true
6403,1,true
6404,1,true
6405,8,true
6406,8,true
6406,9,false
6407,1,true
6408,9,true
6409,1,true
6410,1,true
6411,1,true
6412,1,true
6413,1,true
6414,1,true
6415,1,true
6416,1,true
6417,1,true
6418,1,false
6419,1,true
6420,1,true
6421,8,true
6421,1,false
6423,1,true
6424,1,true
6425,8,true
6425,1,false
6426,1,true
6427,1,true
6428,1,true
6429,1,true
6430,1,true
6431,1,true
6432,1,true
6433,9,true
6434,1,true
6435,9,true
6436,1,true
6437,1,true
6438,8,true
6439,8,true
6440,1,true
6441,9,true
6442,1,true
6443,1,true
6444,1,true
6445,1,true
6446,1,true
6447,1,true
6448,1,true
6449,1,false
6450,1,true
6451,9,true
6452,1,true
6453,8,true
6454,8,true
6455,1,true
6456,9,false
6456,8,false
6456,1,false
6457,1,true
6458,1,true
6459,1,true
6460,1,true
6461,1,true
6462,7,true
6463,1,true
6464,1,true
6465,1,true
6466,1,true
6467,1,true
6468,1,true
6469,1,true
6470,1,true
6471,1,true
6472,1,true
6473,7,true
6474,1,true
6475,1,true
6476,1,false
6477,7,true
6478,1,true
6479,1,true
6480,1,true
6481,1,true
6483,1,true
6484,6,true
6485,1,true
6486,1,true
6487,6,true
6487,1,false
6488,1,true
6489,1,true
6490,1,true
6491,1,true
6492,1,true
6493,1,true
6494,1,true
6495,7,true
6495,1,false
6495,6,false
6496,1,true
6497,7,true
6498,7,true
6498,1,false
6499,1,true
6500,7,true
6501,1,true
6502,1,true
6503,1,false
6504,1,true
6505,7,true
6506,6,true
6507,1,true
6508,1,true
6509,7,true
6511,6,true
6512,1,true
6513,1,true
6514,6,false
6514,7,false
6514,1,false
6515,1,true
6516,1,true
6517,5,true
6518,4,true
6519,1,true
6520,4,true
6521,1,true
6523,1,true
6524,1,true
6525,4,true
6526,1,true
6527,1,true
6527,5,false
6528,5,true
6529,1,true
6530,1,true
6530,5,false
6531,5,true
6532,4,true
6533,1,true
6534,1,false
6535,4,true
6535,1,false
6536,1,true
6537,4,true
6538,1,true
6539,4,false
6540,5,true
6541,5,true
6542,4,true
6543,4,true
6544,1,true
6545,4,true
6546,1,true
6547,4,true
6547,1,false
6548,5,true
6549,1,true
6550,1,true
6551,5,true
6552,1,true
6553,1,true
6554,4,true
6555,1,true
6556,1,true
6557,1,true
6558,5,true
6559,1,true
6560,1,true
6561,5,true
6562,4,true
6563,1,true
6563,5,false
6564,1,true
6565,1,true
6566,5,true
6567,5,true
6568,1,true
6569,1,true
6570,1,true
6571,1,true
6572,5,false
6573,5,true
6574,4,true
6575,4,true
6575,5,false
6575,1,false
6576,2,true
6577,2,true
6578,2,true
6579,1,true
6580,1,true
6581,1,true
6582,1,true
6583,1,true
6584,1,true
6585,1,true
6586,1,true
6587,1,true
6588,3,true
6589,1,true
6590,1,true
6591,2,true
6592,1,true
6593,2,true
6594,2,true
6594,1,false
6595,1,true
6596,1,true
6597,1,true
6599,2,true
6599,3,false
6600,1,true
6601,1,true
6602,1,true
6603,3,true
6604,1,true
6606,1,true
6607,1,true
6608,2,true
6609,1,true
6610,1,true
6611,1,true
6612,1,true
6613,1,true
6613,2,false
6614,3,false
6615,1,true
6616,1,true
6617,1,true
6618,1,true
6619,1,false
6620,2,false
6621,3,true
6622,2,true
6623,1,true
6624,1,true
6625,1,true
6627,1,true
6628,1,false
6629,1,true
6630,2,true
6631,1,true
6633,1,true
6634,1,true
6635,3,true
6636,3,false
6636,2,false
6636,1,false
